transaction_id,account_id,customer_id,transaction_date,transaction_type,category,amount,channel,status
T001,A001,C001,2025-01-05,Debit,Shopping,4200,Card,Success
T002,A001,C001,2025-01-12,Credit,Salary,145000,NEFT,Success
T003,A002,C001,2025-01-18,Debit,Dining,1800,Card,Success
T004,A003,C002,2025-01-03,Debit,Utilities,3200,UPI,Success
T005,A003,C002,2025-02-07,Debit,Shopping,5600,Card,Success
T006,A004,C003,2025-01-09,Credit,Salary,175000,NEFT,Success
T007,A004,C003,2025-02-14,Debit,Travel,12500,Card,Success
T008,A005,C004,2025-02-11,Debit,Healthcare,4800,UPI,Success
T009,A006,C005,2025-01-25,Credit,Investment,85000,NEFT,Success
T010,A006,C005,2025-02-20,Debit,Travel,22000,Card,Success
T011,A007,C006,2025-01-14,Debit,Groceries,6300,UPI,Success
T012,A007,C006,2025-02-16,Debit,Utilities,2900,UPI,Success
T013,A008,C007,2025-01-21,Credit,Salary,160000,NEFT,Success
T014,A008,C007,2025-02-03,Debit,Shopping,8700,Card,Success
T015,A009,C008,2025-02-08,Debit,Shopping,3100,UPI,Success
T016,A010,C009,2025-01-29,Credit,Investment,60000,NEFT,Success
T017,A010,C009,2025-02-22,Debit,Dining,4200,Card,Success
T018,A011,C010,2025-01-16,Debit,Groceries,5100,UPI,Success
T019,A011,C010,2025-02-18,Debit,Healthcare,2700,UPI,Success
T020,A001,C001,2025-02-25,Debit,Travel,9800,Card,Success
T021,A003,C002,2025-02-27,Debit,Dining,2200,UPI,Success
T022,A004,C003,2025-02-28,Debit,Shopping,7100,Card,Success
T023,A005,C004,2025-02-26,Credit,Refund,1500,UPI,Success
T024,A007,C006,2025-02-28,Debit,Shopping,4500,Card,Success
T025,A009,C008,2025-02-28,Debit,Dining,1900,UPI,Failed
